feature1,feature2,feature3,target
-0.30466783375565604,-1.6840040177961646,-0.21795090624353872,1
0.6205008990991628,-0.7090289023149722,-0.23390798544489444,0
-2.729404384923734,0.8160810441139388,1.8551185730353463,0
0.005205261894946381,1.1763440561714547,0.37822628543151016,1
-0.4596052987574804,-1.2722376272319633,0.4795105629413033,0
-1.063258686531278,0.7130258504329489,0.5396547743450705,0
-0.5532410018397994,-1.9473398726619233,0.6126263773371126,0
-0.5737031442926516,-0.08933586547104598,-0.08288698387486536,0
-0.04798579485058113,1.1120468421032064,-0.3207463714788462,1
-1.3673264612849558,-0.5515157301029805,0.16681605951827747,0
0.3162737802597137,-1.5069222991380136,1.1568039489134727,0
1.366214785205788,0.1462147963775593,1.1262381884363837,1
0.28092849694782634,-0.6047188666354781,-0.24039847568841113,1
0.808988609229009,0.6295583660658357,0.7678436946681114,1
1.0945624546137955,-0.8853264322180604,-0.19458466303966782,1
1.2364895121841768,-0.7726368896531003,0.033870549435244236,0
1.8701386928213053,-2.0210023208762435,-0.4735233815541974,1
-0.49920199827593026,0.16994471105148284,-0.1816451389062335,1
-0.7184839851611164,-0.16090493827659874,1.3413300695496801,0
0.7834656483247346,-1.188384670740071,0.09242114733923629,0
0.7082662196573998,0.193798713767092,0.1352825085523179,1
0.7756752996156893,1.027070300644139,-1.4472177792579584,1
1.889282454250252,-0.21556794341894983,-0.30924390763272963,1
0.011369908798494166,0.26816694982197375,-0.2413149037447287,0
0.4261565596461849,0.2733112495851642,-0.8291434854434051,1
-0.9803882514834749,-1.2043298271789604,0.02166541170356352,0
2.1353211239759577,2.0565858207075958,-0.4291822902276543,1
-0.336544921209111,-0.4708498301222839,0.07999585524358216,1
-0.30821592816082993,0.6561162018602708,0.12150300981893442,1
-0.3467498910082427,0.7692152772290496,-0.9557543578226444,0
-0.6448958586443377,-0.13959512711575175,-0.3987017824831894,0
-0.7294370488476493,0.6067950250596347,0.07737428276083357,0
-0.5237042828895252,0.24581922181638913,1.1842994311567254,1
-1.3657959280509446,-1.417639757227406,0.2567191727957405,0
-0.7853179202632383,-0.33227270125008823,-0.6619351799174277,0
1.9489631114476191,-0.6125509023540618,0.3990047592438523,1
0.7356551436413686,-0.4617450413461271,1.7075488893217605,0
0.925904176727718,-1.3040031778366379,0.9167064725890186,0
1.1772087874169148,1.12643371674603,0.5475265304356202,1
1.8341345643623908,1.601992654613413,0.7255901754823215,1
-1.771422551443844,0.9780029759984087,1.4399540414286307,0
-1.2298831152865406,1.2705292241471429,1.07562679401766,1
-0.8037236608946853,-0.34463483700815617,0.5667603811176578,0
-0.4697297964895977,-0.6362568349860365,1.0686422195900849,0
-0.30056939058524895,-0.7785870468117115,-1.0816510962640609,1
-0.4469775528060408,0.6440649229572226,-1.502265252340281,1
0.21930891313205408,0.22706305314414962,0.15709865064383013,1
0.0352953907452159,-0.07722171159842571,0.06868070965053837,0
-0.7228347951782497,1.295148544195343,-0.5439100535132576,1
-2.17554877698757,0.404941353815343,0.8258526698277096,0
-0.9928687053786982,-0.8386576375205848,-1.862863586451236,0
-0.5492386533125753,-0.6809088291356947,-0.5347722560578038,0
-0.24707943680771946,0.6819932992541455,-0.48495554487761494,0
-1.129667459310537,1.041732852654597,-1.6363017850994594,0
-0.4908064664964202,0.5516802322559695,1.494731007269304,0
-1.1309873884855863,1.8968887478720813,-1.359201268663323,1
-0.125819351548333,1.635007165731419,-0.5883400573076859,1
-1.0730913283626153,0.44103583485076286,0.9079797578051338,0
-0.8489046563704645,-0.8385806594815023,0.6460453434287315,0
-1.308684130989139,-1.3099875117317676,-1.1081746964847465,0
-0.15350069556978385,-0.38738174501471484,0.6824892092606365,1
-0.8664477699523984,0.753213446416157,0.2897844786582218,0
0.9067842666754293,1.8266470793119378,2.3330355621114673,1
0.405850266692899,0.41744703441079983,0.40394041606830444,1
-0.069851868183643,1.1687227942312366,-0.14124182106853178,1
-0.7974854973437886,-0.24530748618780235,-0.8565019571194227,1
0.3805203053163029,0.6227691252275501,-0.7442433669555713,0
0.690700889348637,0.8233568294771726,-0.8257690954681581,1
0.14268841220163028,-1.9795942758525282,1.371098813911922,1
1.6037018554669304,-0.41343880237651026,0.017969915016470623,1
0.45963731807481595,0.9497003842778697,0.56524712397473,0
0.9136072175680342,0.2744683356365649,1.514247599980887,1
0.1335654155359782,-1.196515048150933,-2.358464142207465,0
0.6756644532569765,-2.4301223757273562,1.278873764700375,0
-0.7967812326691753,-0.3657807453020064,0.05539691178333415,1
-0.4583983632127938,-0.07158569289387905,0.43504837164044435,0
0.34936355348237974,-0.8839229498283454,-0.8284032217482512,1
0.3420994815573816,0.1430849370279944,-0.7551243984485184,1
0.5076118229432475,0.5063867472328947,0.4888458898129879,0
1.1003928922787292,0.6706871707262329,2.3845978003314694,1
-1.424971171815412,-2.3559189249323222,1.0033133128149014,0
-0.9744525476102961,-1.3142850978081202,1.2655229214185404,0
0.22957264107425313,-0.30462264835473557,-0.19200127026141986,0
-0.7243636318034608,0.5721731310374635,-0.6002042245856282,0
3.377768241289362,0.48923401355003554,-0.7808049515789934,1
0.515719619170136,0.4718699478766758,-0.488273724696688,1
-0.07833084893015722,-0.3834179419689318,-2.0527824331705253,1
-0.5154692730838591,-0.32763343730996075,-0.7249193428916019,1
-0.48016228319304444,-0.7283292684217407,-0.5603531560598431,0
0.030140661315177376,0.7681941281058479,-0.17535817439484103,1
0.11198193262125772,-0.9204887877395782,0.13175010974729173,0
-0.45669914469351297,0.8500363951895699,0.3624508686256106,0
-0.2731522465199018,0.20785323813764608,-0.014925372442960091,0
1.3442845752345964,-0.04504447845515359,-0.581443086342757,0
1.3845049626510342,-0.6567103997764666,-1.9633586432655206,1
0.25203397993487703,-1.3555418611641263,-0.5753086084017933,0
-1.3412597272367377,-0.6476527563780456,-0.9724506376870051,0
0.5385031566390435,-0.3300068686248863,0.4660667482786038,1
1.554282441611026,-2.3690243115812515,0.9092873966936939,1
1.3697811019623787,-0.19735515533466427,0.9385710670599392,1
0.7344258528096671,0.9243573680260055,0.7569527361278201,1
1.4224229552858216,0.5672179054338725,-0.13352573545248822,1
0.053384272479021756,-0.49620587574150743,-0.5219555654758967,0
0.628102969833705,0.04693629841522772,-0.7471027536670662,1
-0.6807755663251802,-0.5561645694219997,-1.5074989166017505,0
0.29226545615571214,0.14876073333569612,0.9918537005078577,0
1.3295342439705244,1.5401078237440315,-0.17471103792997442,1
-0.589423411486891,0.968498802624876,-1.2463402936208738,1
-0.8614434294642864,0.5207943056927528,-0.8264913757102347,0
0.09748893902369685,-0.4928849123837183,-0.8669734564325522,0
-0.22666220372399956,0.7499383929448385,0.04302448501512677,0
0.6491477210704204,-1.686876951373053,1.0674678510706859,1
-0.45325952594704233,-0.2523534819908905,-0.34798954959558315,0
1.718439615602714,0.5837114198239499,-2.252533514783649,1
-1.2896760979610558,0.7404212140477514,-0.1891803351589201,1
1.2537347862197346,0.669884490215741,-0.15619390009719572,1
-0.7648492283081031,0.2948306892096945,-0.22492023093552171,0
-1.7959827345840234,-0.19572497908388292,-0.6274611664757017,0
0.23787515634886738,0.5379759698264889,0.21743908072584237,1
-0.25460798601388357,-0.9528610405863005,0.06614111514900174,1
-1.1096093679030308,-0.8446772632932499,-0.024830314126647098,0
-1.681376891715264,0.06173467646029673,0.4126413614429657,0
-0.00836078727145676,0.17319764270874738,-0.42983282314785354,0
0.9758368916238178,-1.8256151785646464,-0.48658566970065326,1
0.5849534930864443,0.45514638094951854,1.3801232895853999,1
0.056706648839265496,0.7727283779193933,0.5593554097154361,1
0.4788475732177351,-0.07728523746629531,0.8269460609427997,1
-0.027214132377857005,2.3744662832839922,1.2261045853340684,1
-1.4297242430303712,-0.6829351063151862,0.5259441806248001,0
-1.4208939852234432,-0.3610871633868695,0.9283886791361711,0
-0.20316852898467888,-0.39506690612720935,-1.5793451620702603,1
-0.16065328636607445,-0.07618761129101755,0.20415387199602714,1
0.8509826785067651,-0.3287248129662911,-0.18271846181432752,0
0.7573042237747472,-1.4068105446048718,1.6776840908998094,0
0.6051330157589494,-0.5465482962364754,0.9276455318033,1
-0.2802827130771807,-0.09762069577407609,-0.6304451907931798,0
-1.3806521701101395,1.2285720820619974,0.3727941585292059,0
0.41207113706602394,2.2022432733729134,0.1676813334492398,1
0.5251693132621684,1.3354738978506546,0.4543314331522287,1
-2.388531462477686,-0.7753790296726064,-1.0188424693746518,0
-0.8343381865826627,-0.6958096106261655,0.3600164652382253,0
-0.691054377393896,-0.15932857750935098,-0.22815134928823433,0
0.11835020112343628,1.7845588888535862,0.28244976405560046,1
-0.8033604327656939,-0.1654240521818934,-0.7243851651221698,0
-0.03813456882464037,-1.3275074905374307,-0.5850631713965995,0
-0.21053494035299194,-0.5011771369530351,1.1738420203667026,0
-0.15914947153772793,0.757056001819417,-1.051547558340161,1
-0.7163942937007461,0.6899402768960868,-0.9777544010420485,0
-0.6389850540666776,-0.2002166664916561,-0.05158125721557804,1
-1.0802670597806927,0.6834146735600306,-0.7718903751859546,1
0.380067440573832,-2.273172202546832,-0.8850286322627987,0
0.5711026285913683,0.10382923503269768,0.10507597120829498,1
-0.7706179501253388,0.8606854213686301,-1.5050658569037048,1
1.5206400960170445,-0.8328632751545352,-1.007962234913638,0
-0.3146014474420489,-0.836338536496288,2.0540955829236434,0
1.5301856237965608,-1.8664481527634753,0.4594750589690091,1
-0.6421271738316033,1.589895594810694,-0.7465633522699111,1
-2.0265777765994355,-0.7201539770215667,0.4182150782661971,0
0.4021978249123513,0.24104327786211174,0.5673304769866295,0
0.24854510511898723,0.6039170414833746,0.9944144200902384,1
0.034393795307583075,1.512067949141453,-0.12715602945673044,1
-0.6422324784439893,-0.15389777398563528,0.9764977027728893,0
-0.034572225485819015,-0.5394297937784186,-2.038446524882173,0
-0.5112594578695273,0.17306764857055348,-1.0563081304757531,1
-0.30234956633175064,1.284080276542287,0.16387140173645573,1
0.841632255765075,-0.17017253140078376,0.3296335328077915,0
0.18421722953009348,-0.9548690815840764,-0.9117822876686418,0
0.6099513873319773,-1.5407578083153624,0.2594199912631591,0
-0.23186850662578992,-1.2212973846052253,-0.6238402486872604,0
-0.34201734580477505,0.8643914974066649,-0.27695909422716564,0
-1.1534825308886436,-0.3206244763068115,1.024773800665011,0
-0.370036612568197,-0.6075209099207104,0.9089374968885997,1
-3.321114555589139,-0.7159672231839423,-0.9970603273632624,0
-0.5902219663056348,0.08504586020018182,-1.0572514620201034,0
-0.08187417719083905,-0.23945509376558377,-0.4111733955533163,0
0.563673654270156,-0.2731321437192525,-0.026746301172925133,1
-0.26867787752495675,1.3493239278107392,-0.6578984885747409,0
0.3476735422449994,1.5380162818616334,1.0406424427996679,1
-2.1797886613902455,-1.6100216729089964,0.34738984170855525,0
-0.056836852206949735,0.3275927311429576,0.40608510987442903,1
-1.6795027929134034,-0.7768620986213922,-1.2665388289449717,0
-1.2083035156593327,-0.24825111386109355,1.1672907173837799,1
-0.18716554786386091,0.3092783851266944,-2.820168822240691,1
1.2762639878735544,-0.21271991693091935,0.8340554518493689,1
0.37120676347005876,0.23045988062763317,0.9343117376707711,1
0.01823099713711716,0.6729702060319175,-0.43240118727796156,0
-0.019530389467102203,0.29457680054031987,1.2729102172474238,1
-0.7136288932044673,-0.6468363041676235,-0.06309755295434644,0
-0.5439834133726836,-0.6291996069703238,0.06243170332744294,1
0.42737604547079716,-1.4397052966180355,0.33952878740421627,1
-1.3853605184444944,-0.8539202975207183,3.186574911811055,0
0.5930540502830212,1.9620683618985282,1.3444339080830043,1
-0.38850706711885274,-0.7920035740952445,0.701131200712918,0
0.8255570748695653,-1.1933788124438198,-0.912804486601195,0
0.9610934572320833,0.31992786184477334,0.14358982547949217,1
-1.67308401250574,-0.11036475929185985,-0.8131240938463865,0
-0.5815807632272181,-0.19559323684922542,0.8221108472828129,0
-0.8555276879406237,1.40904596641209,0.14046697573485675,1
-1.812727965073143,0.5491266755583651,-1.1245216796138953,0
-1.0325332762094106,-0.5299929317034754,0.08112458341850291,0
2.44125584526534,-0.42447591759177994,-0.8494174697163055,1
0.6095098962124401,-0.5025865139056851,0.15121622133754703,0
1.917287968605754,0.8747396215802571,-0.8590773163652565,1
0.8290984400183357,-0.30814762945313745,0.027487633360812797,1
-0.7418431610084755,-1.7931535024541505,0.7504698619350948,0
-0.381771196674043,-0.04831967873434432,-0.05305199192510611,0
0.5884361802403073,-1.537026001127929,-0.3908882671723887,0
0.4375062034730363,2.184230601754902,0.20327622105746257,1
-0.5773420157083338,-0.9656679138472309,0.697182620792853,0
-1.509993170579207,-0.16186476535773067,-1.1071832698817605,0
3.287761187388739,0.2582027347011369,0.2606561547052026,1
-0.14114967234280568,-0.28865816067923,1.3175408190173998,0
-0.32573889318261995,-0.29003040146619263,0.5736569632767152,1
0.11333446390530184,0.4218272861608771,0.057754146667227856,1
-0.24272858931102861,1.5262159587962787,0.6397375066988947,0
0.1227289077054837,0.7675090818172975,0.4524964561026824,1
1.2869472861164193,1.4785138785735428,0.753601109159814,1
-0.12454847968642378,-1.046619108093502,-2.0239316109829444,0
-1.1627104393277614,0.31736263325536135,-1.5534561336632653,0
-0.16164379447861094,0.15524605205827927,1.004829149483237,0
-0.4644017814099108,0.3510912916767348,-1.5052791761614406,0
1.4238989372468513,1.3762319706355726,0.40153863571920506,1
1.1711190647375707,-0.22078914979205405,-0.35204965603229166,1
0.10752500043079882,-0.4055033665540877,-0.9961892455959969,0
-1.2787358548192564,0.5339807974186639,0.3496497571474736,0
-1.2258922634399458,-1.7782027275658474,0.20103350371657064,0
0.015123261584553639,-0.2368520491221783,2.1103426520963775,0
0.3363229693212808,-0.13419768928545298,-0.6248112045358892,0
-0.3746228193260549,-0.9203586163069253,1.4401101200691737,0
-0.48016958420723416,1.0570590113565772,0.3524229143843145,1
-0.5927992331786469,-1.0622403173432842,-0.6610218815427124,0
-0.023393960243946223,-0.1358730483637962,0.7992464575172452,0
-2.382762352073065,0.29315722532296834,0.5657385044539512,0
-1.1013266287697099,1.3534515614761184,0.035843294858049234,1
-0.6270508454473506,-0.010556434880853316,0.26629535644062347,0
1.2075031949519206,0.9361535941282105,-0.5969870310455316,0
-0.8138136419289294,0.7005953972771274,-0.8257871252545068,1
0.18046814183120646,0.12345755616914253,0.7594421738225829,1
0.22654275093099605,-1.0895134082734554,-0.22393942431327402,0
1.2979165056607622,-1.4345808609043489,-0.08008299824909249,1
1.2625774069641502,0.10650540141918646,0.27982159594427714,1
-0.05750296879491637,-0.5426968739026136,0.26528834478380814,0
-0.47548474118944284,0.9192610916812918,-1.4293264709740647,0
-0.6638331028256903,0.7458565180985776,1.2862520864548588,1
-0.2410632224657809,-0.1846109944370498,0.1211821519006783,1
-0.43403335432359996,-1.1577129239412693,-0.20265326282214938,0
0.553627409358232,0.5107355496072734,0.4308460051697467,1
0.4203098174852043,-1.0179494461351504,0.23654219361486306,0
0.5918011911450157,-0.758463922930865,0.7670626894897021,1
1.2592837114361684,-0.9794157382151545,0.5379836721509411,1
1.862869121400177,-0.13850102193995345,0.7178462289962667,1
0.12466339340755687,1.1701923340705616,1.350993905727516,1
1.0994637713956532,-0.005040870223528701,0.883624548970972,1
-0.35166018383421516,-0.44321869242769574,-0.16048622032856263,0
1.1850069835830157,-1.5256149300452442,-1.1229011560768327,1
1.0615091571758442,0.5521245847298429,1.667797933004515,1
1.0084159699429913,-0.7804046059286275,-0.2377233733471127,0
0.09406984119152385,0.11751761915809661,-0.4731074133605223,0
-0.6683581639908888,-0.3542186159166406,-1.7367268177644393,0
-1.3945284378654765,0.8381772195994377,0.33847310531211144,0
-0.04003720752109928,-0.15723639202855216,0.14888660395377015,0
1.533012542249183,-0.05892635452305161,-1.5151149362494807,1
-0.3098449013640731,0.4857471474554596,0.4532740421331758,1
0.7851265854600545,2.1069401822631857,-0.49819192070143903,1
0.8439514005189311,0.8884469303585544,2.6903150072886937,1
-0.28368622092717277,-0.08860610634860941,-0.5693611920908682,1
1.3163448375195195,0.003197990615288397,-0.4351933321977932,1
-2.9086607444805037,-0.5248594603244346,-0.8747762242543677,0
-1.222750278738175,-0.9499957035196952,1.277876521041972,0
-0.9156322963584598,-0.552750787066322,-0.3727757944647531,0
-0.8197150228673898,-0.7721489637119425,-0.7249141537654967,0
0.3362629511858955,0.6533683837958855,0.7069550099205425,1
0.29003780305390187,-1.071194857868986,-1.3803529354131852,0
0.3939905721750079,1.3332105613800442,0.6251105462489474,1
0.596081494132487,0.7520463836188297,1.7813997166008577,1
-0.9501045691456493,0.02050172936766847,0.566607832835089,0
-1.218176066807319,0.00031861146506831443,0.6378983162599249,0
0.39631968200786294,-0.5572813096145535,0.8700602169074838,1
-0.6302320736464391,0.27008441134776406,1.7097080286755186,1
-1.5704750453679706,1.088092463208589,1.2098939600191043,1
0.9713442845414815,-0.7031564622558137,0.4396697222730237,1
1.3951019065022976,-1.5333920889187305,0.9038914006360014,0
1.5571608896986593,0.7032182548567439,-0.8859349254651107,1
0.18700772147472028,0.3243659742438005,0.7762935907473221,0
0.6259320959729026,-1.1201988014411794,-1.0055559711837476,0
1.3698682233619108,-0.733391370914118,-0.36702241863162666,0
-0.6414157900234342,-0.8591042740501407,-3.0825621751432375,0
1.110677684054092,-0.7245322690342489,0.40142965936746206,1
0.2753962341432087,-0.32368275404118774,-0.6438720111083527,1
0.913711652342591,-0.2665473042807473,1.1111452152044625,1
0.18609302087593527,-0.6507936550684602,0.3901926106054028,1
1.2962567097480018,-0.7581638194999282,1.1240958947016253,0
0.22352376254153686,-0.22878434391938154,-1.0835965446725377,1
-1.4839790594674176,0.16769153485956126,1.0383860371596327,0
1.451926632314722,-0.3162965363648446,2.105856344363327,1
-0.947530740972112,1.1586670233413017,0.7641582999318943,0
1.2530582102439143,0.5080877144207865,0.7903490086922889,1
-0.09024288144032204,-1.5908458568586958,0.169597676394935,0
1.1760109851977065,0.5237277654138535,-0.5246687805653643,1
1.134768614866765,0.6055439825855826,0.7611923727015086,1
0.4301429743153713,-0.43473496812419127,-1.5060829104020683,0
0.5085353176271308,-1.4951975873031556,-0.4177551249208164,0
0.42262861719256595,0.00806675941113609,-1.7710568023371822,0
-2.013824756281078,-0.007708651482244078,-0.7036563773150829,0
0.11833021889820218,-1.1216462365331947,0.6420450918935612,0
-1.116064176071895,-1.4512192162599356,0.5053933762204632,0
0.17118714374566293,-0.08755354645343943,0.050913695535472696,1
-1.1429425463832155,-0.23307719205082192,0.1704009940620107,0
-1.184951941226075,-0.4172653653223936,-1.8858646178642093,1
1.6049345017539018,-0.08341073474656137,-0.3725622805709149,1
1.0694473881241897,-1.1027763738203191,-0.68135160643521,0
-0.004142584944154457,-0.4348206128661142,-0.6590596905145408,0
0.1847686502490239,0.5333250306143476,0.5995786278137534,0
-0.24791602574300886,-0.3499700803512888,-0.8605073265053105,0
0.5698763759795229,-1.671972471792552,-0.6046808501274109,0
-0.6760543665488049,-0.47269227772357164,-2.0870692457095164,0
0.9937402628679574,-1.0701584635068604,-0.2941231803761696,1
-0.25308684101411083,0.26713629646173076,-1.0878375477136197,0
-0.4198469958312289,0.3188374033804253,0.07920292868964361,1
0.0217130184848427,-1.658774625086031,-0.9511080467424646,0
-0.5911468299256105,0.759012970582189,0.1045422455492162,0
0.32868234949648295,-1.1121863012785584,-0.14468576074234318,0
-0.5373625893133998,1.5591822904823514,1.6720417730423207,1
0.46852360281883604,-0.04877626450061687,0.4972179804531937,1
1.2160065389114765,-1.2463934985391623,-1.839637872562303,1
-0.7193216868081737,-1.1419860706926814,-1.2648888441027084,0
-0.1305754572951713,0.34809529178734483,0.05520800899233323,1
0.4613307130354217,-0.3912998898983776,-0.9298479483926507,0
-0.4358573549814069,-0.09665390961814083,-2.968368430235852,0
0.4643205608266651,1.6127802326970393,1.3495463138337433,1
0.5553988606517399,-0.6992440642290753,0.7202240169054077,0
1.083261776294304,0.05996285769570662,0.5209768734917716,1
-0.6059900460849119,1.4198444873730531,-0.6073230454709151,1
-0.9427752402304745,0.27051347546640014,0.4276767710099296,0
-0.3075773895637438,-1.606602735358006,-0.7043603242208816,0
-0.9677523395470999,0.5053890117321368,0.20485730021769077,0
0.5644982040474971,-1.1630028577834441,-0.9205832258364774,0
-1.1617513001764113,1.406807528732965,1.5162884505560141,0
2.3330164182526882,-0.8228676049979778,-1.5702366540818447,1
1.2959278615737506,2.9695095077456646,1.2322838295108312,1
0.012575769600314238,1.4673759883276782,0.038915828017330296,0
0.867394492997976,-0.7966125696279787,-0.4894669953419908,0
-1.6368018643107916,0.020013805001610485,0.16700292169573833,0
2.523373331399558,0.7536442816334635,0.7333480071781809,1
-0.5902146122004895,0.7836604742267077,1.366746736694397,0
-0.12049741389935952,0.4423362599761972,0.31314302313353215,1
-1.8559332871884366,1.25215903696611,-0.8906960852622773,1
0.4862873047408947,-0.12296894663436952,0.05563012376578855,1
-1.1063441570771089,-0.36671766857603316,1.8167932366623727,0
0.1016557615660292,-0.3468639879246106,1.347678085512624,1
-0.5442744329245381,0.8583732319721272,0.9087634781243586,0
-1.0777439349303435,0.3651810403026461,0.7956870201223867,1
-0.8043615017626171,0.2912836656902564,0.6994500906065418,0
0.2257880340855212,0.795234249257182,1.15875483450987,0
-1.2814909728688244,-2.051052407853855,-0.45662878572190524,0
-0.748811671023577,0.3100688238751504,-1.3550860657750061,1
0.6632733812644779,0.21856888887371573,0.06900350073706138,1
2.602479874874313,1.6688080813007051,-0.817581586777691,1
0.47758881955300486,-1.528587982263667,-1.0550207553771844,1
-0.9172616421772875,1.557186632376758,-0.7202785765879318,1
-0.367114170072311,0.07540912892466581,2.485313924533686,0
0.03158900615257829,0.48898953066004497,0.1361246340758442,1
-0.3494249506357074,1.6759187876093766,0.36190783636098817,1
0.903058166736933,0.560761268005573,-1.222362807004254,1
0.21747348301422456,0.4003682894625609,-1.8437529587926298,1
0.9078523849098702,0.2422911858023184,-0.8190526431188059,1
-0.31444379029762937,-0.4834781349943769,1.4381955852087482,1
1.3255002197212566,-0.028489124510392892,0.3342754660765211,1
-0.1664855842815459,-0.7155127661227486,0.5985950914443922,0
-0.9711898691379917,-0.044566899425482,0.7385660392020614,0
2.1773203810422213,-2.3359306970550966,-0.5913493797982777,0
-1.8249777469611168,0.42903956756754863,1.3879655839733676,1
-0.7387387253049276,-0.12173725378362549,-0.6328075992221822,0
-0.6270278518303946,-0.3362037366667643,1.406232359262553,1
2.5083062730565633,0.21975808394014318,0.44230215613534063,1
1.8068588841465116,-1.4335639229654407,-1.7890451542463222,1
1.4939281436421976,1.9292699966212825,-0.748009486600535,1
-0.3306586623763318,-0.10276746148759967,-1.7849385328721046,0
2.426178003841775,-0.14584443297218957,1.1632821327942087,1
0.3683520038409712,-0.9653962101329223,-0.02473542080240107,0
0.9772633703031223,0.02394638244926125,-2.22834243994978,1
0.17969538110620695,1.3869598902732805,0.37574688171965837,1
-0.04946657132325152,1.035916209432034,-0.53716426238832,1
-0.25177867392637926,0.8544377511405561,-1.4838058550333233,1
-0.20963999341916223,0.5463989516672716,1.6779658369686972,0
0.6084916486780788,-0.35854252756260974,0.1072858660965787,0
0.367199798775388,-1.450163167036702,-0.29343140231331255,1
-0.031471370203683895,-0.20103877186663505,-0.399424780986017,1
1.5095239926988544,-0.23587146453367722,-1.5132794691577722,0
-2.9667530687407306,1.048794439671241,-1.3045488995841095,0
0.509887247921195,0.3093904424598202,1.2849167848750833,1
0.7177387066589793,1.6123115279035483,-0.4738828697857191,1
1.1469628682551696,1.1974885400381745,0.0220677009368635,1
-0.06487144105336112,-0.4564956095040957,-2.0443304762010746,0
0.2079200673839576,-1.7951291966198684,-1.3180920357955057,1
0.9859483833147212,1.385575233941481,0.6098125198747528,1
1.49116640428018,1.3593852232307442,0.3777117601138336,1
-0.3005359851787682,-1.366211590902226,1.7533751987243156,0
0.2669757831275602,1.5092400198275007,1.3429563316312263,0
1.6785739643487574,0.3821171705925179,-0.23071097248482308,1
-2.124027075878851,0.16068549812565303,0.472953564713271,0
-0.6900125998145852,1.6147832542473273,-0.31660344290307396,1
1.465835978602963,1.3446851732306149,2.0548098186386485,1
1.0925378336083031,0.6513309519952039,1.1490146960523997,1
0.5224452109266943,0.47321706581198303,0.16968509085775127,1
-0.44859687310912016,0.6163942905303591,0.2003947848763514,1
-0.8818184989854194,-0.4000574338825259,1.444850287259808,0
-0.5912156192423738,-0.05510144973232095,0.5795778471138472,1
1.5480082208186925,-0.9023171545945426,1.558628017070086,1
-0.6284426891553463,-0.3330397757389188,-2.1936479262588735,0
0.10142296423965788,-0.36663387866893304,0.4612282614987982,1
-0.753707644861746,-0.6353053696216646,-0.515434864681385,0
0.842774030099027,0.1367465026484631,1.7563779876279924,1
-0.5387262803464412,-0.3239808507005772,1.5463986871898292,1
-0.09759389015441426,0.5022347203519739,0.032835809101306665,0
-1.6833821330428256,-1.6223206132937653,1.5356309788110316,0
-1.6133682362049397,-0.11335479410729969,1.783114519992506,0
0.007673193321506307,0.13155164017749568,0.0744066719261473,0
-1.325157155197762,-0.31062923983688057,2.4719337724318575,0
2.1050866393345022,-0.17239269980923128,-0.03134115266972247,1
-2.0615231121122495,-1.5852460107298574,-0.2145209503359089,0
-0.8001752986641041,0.35647710466949206,0.8658725885843434,1
0.01670086726755042,0.6476059825670705,-0.35379073114231385,1
-0.3651329377957845,0.49353729420376685,0.08533977579489384,0
-1.104145456663919,1.038727059442183,1.4094344240509098,1
-0.957927839495268,0.20152960578250198,0.01921885221727033,0
-0.9906540774992385,0.47868118065093707,-1.6950177929753076,0
-0.2867216948200629,0.1560907384568524,0.36731938784919665,1
1.9519290895174237,0.6875507195924941,-0.6962935790523948,1
0.0779372965582097,-1.577229636132122,0.865271157294546,1
1.182900489387524,-0.8935809679780109,0.6961897158262457,0
0.5069763458281417,1.586899657033091,1.471400348166522,1
1.1138623979822204,-2.4604358220962053,0.9075323007926969,0
-2.799964302593586,-0.14017792982534394,1.0902442836580648,0
-0.30445802114822945,1.1722749596080682,-0.6690967601377134,1
1.3071354231507137,-0.09326066554176463,0.8039864958905025,1
-0.5717358227493337,-0.4050110714506975,1.9684512893602903,0
1.7624731648696121,0.1294216768153004,-0.6886499086367672,1
1.4838901537677616,-0.35312018000244655,1.799738291727098,1
-0.4691307161274624,0.03084949275693916,-0.5493500912013305,1
-0.5031635190463567,-0.6833810365201296,-0.8519712450499742,0
-1.0136058423544687,1.1086744199557241,0.2962004433548381,0
-0.6295942318637977,1.423264921065661,0.7159104161288095,1
-1.2325890641689152,-0.13339032211162255,0.911750123972265,0
0.4288111804330056,-1.3864894206912433,-0.9617624207732018,1
-1.4560464933464334,-0.5238431703133952,0.4345400972542903,0
0.6037330161902218,-0.18398866010296422,-0.6855545714835052,1
0.6280786969002486,0.5055388769032081,-1.4889222560705766,1
-1.6612044051839225,-1.008013223170678,-0.9287363155327847,0
1.5498186063283395,-0.7691623186421507,-0.7509003659558182,1
0.5136092944152219,0.5106761378588074,0.5215951603525072,0
0.749698021444869,0.9389088320395578,1.1522136630686686,1
-0.7586652015427723,-0.6215940451706842,-1.4732066298752666,0
0.6223791184731187,-1.333217053950996,0.35196107420805567,1
1.1263934497220656,3.284118201287884,-1.1766981857709065,1
-0.09860839900467729,0.7833042370887136,0.6290854090140003,1
2.001922459248361,-0.2670037617670316,-0.6227305810037479,1
0.04406463491293769,0.8690312755308397,-1.0513290180232788,1
1.1407858004524745,-0.1244566297144221,0.7996645153475748,1
0.293008807258655,0.8671568891001863,-0.5869226054450949,1
0.5855215328568677,0.15939319777622218,-0.3159639513526983,1
-1.6713322676347722,0.09127189816757326,-2.2199890875563764,0
0.37105373821536314,-0.11358186823078863,0.9465513614234737,1
-0.734975101257266,-1.4473813334630898,0.8209085211691072,0
-0.8463983057776877,1.9380948993931397,0.005457844281313952,1
1.7441031844659785,-0.9415339202677434,-1.527580941355759,1
-0.2137702480623489,-1.3600235763105946,1.209369178334763,0
-1.0033018309754966,-0.2128598827563673,-0.6662633863607912,0
-0.3591316281088747,-0.9614718135105067,-0.4533534501005882,0
-1.3004502289219138,-0.05171279056027103,2.312044056359531,0
1.43388446819627,0.6877638485617686,-0.7036364441092297,1
-0.695680744166515,0.995302900529223,0.7422099624265004,1
0.5292999339436693,0.8147307216216817,0.5620922620826175,1
1.3561067142103251,-0.3056320547856803,0.39017219288008514,1
-0.5001526812147293,0.049591827661585874,0.2820005425545109,0
0.532022432272786,0.40787905089749094,0.37638856188919934,1
-1.03008605490443,-1.7577874239420725,0.27194059094054035,0
2.445769569113684,0.5705847001198596,-0.05191835877606092,1
0.9363801346166222,-1.4572992875838315,1.5112831241107423,0
-0.19260643876080602,2.0403465989064893,-1.3126605607992783,1
-0.7728337308889638,-0.40451508464169533,1.0214581040153765,0
-0.11399655283962636,-0.18487517719459123,0.8223422986875516,0
-0.3399837223515192,-0.7697070992378554,0.6983991213294012,0
1.9529445539995067,-0.6299700318556897,1.1169794276401286,1
-1.2255347222149022,2.27409356914324,-0.09259939526839296,0
0.13480142329020342,0.9403696886232976,-1.8689740758268767,0
-0.01833806663370996,-1.5492024451478383,-0.07229265971448583,0
-0.11741030034486948,1.5042129006852296,-0.9911942176245544,1
-0.10861665493834241,1.1932422751414316,-0.7318592098580639,1
-0.11607081012048345,-0.28121246228828845,-1.2424196738324118,1
0.8730660663320997,0.3066969420298376,-0.4773448584438344,1
0.6089844464924351,-0.014944079421074246,-0.5966236939834492,1
0.4189116113727865,1.9725799044469323,-2.3775698299271024,1
-3.033989362145269,-0.7962901889920904,0.7002219112822892,0
0.2997948741631638,0.14601060977572694,2.220321858004882,1
-1.6556393601700825,-0.4281453309928047,0.6062371934962887,0
0.6463201631358254,-1.4330404046178542,-0.20292395653422776,1
1.4744973675705146,2.191638255054987,-0.05474639567621555,1
-0.9262391125885509,-1.1815665791024124,-0.42098586801317606,0
-0.2617807223427068,0.2201291874877759,0.09004158386695832,0
-0.599355705052997,-1.7407006063803354,-0.037008094073233626,0
1.2354317757568007,-0.39907053924309327,-0.8410484303982945,1
0.09502788527207305,0.4219688214334575,1.6828883889478314,1
1.7283293805663333,-0.8247339795023627,-1.487154235709771,1
0.4137542029473876,0.586801850735655,0.7183315431942462,1
0.24245018063581938,-0.26904109188808245,-0.10119762731753187,1
0.06820678260283634,1.1600825123986132,1.9008318150657448,1
0.8179920992573367,1.3617609133402233,0.3408645992482214,1
-1.7376861982453433,-0.5867447607300117,-0.35990553718324825,0
0.08534395552050993,0.07673285939295683,-0.24770719843449732,0
-0.07004644372796484,0.1834542264722327,0.03990669451976115,1
0.7254188271577661,0.6193492954346985,-1.1427906949964008,1
-0.18770160587403686,0.014381996244265737,-0.7668695251179117,0
-1.03873443416267,0.1902109593428422,-1.7849439691918576,1
0.007350674919699149,-0.2434064747951195,-0.9229768983740939,0
-1.0828405288683434,0.11523986697201831,0.09390648166044979,0
-1.9252622125874854,1.2979401935351325,0.300175049284521,0
0.727122481485493,0.6460832412118543,-1.9793296949964019,1
0.5790615726946706,0.701255639443369,-0.13721170304420047,1
0.4670909439935746,0.7230703241355783,0.5634099508221323,1
1.302928421945811,-0.1538087778810355,-0.16291219337623528,1
-0.6650318903039252,0.3188270435795304,-0.6337886457778004,0
-1.431114142771255,-1.0851736783357446,-0.4121611450482139,0
-0.07002977680804456,1.268807656316957,-0.540763354977222,0
-0.34750029970591045,-2.7829604323432204,-0.6367305591080572,0
-0.8422957167700686,-0.08714839233542518,0.17382352524484837,0
-0.07984915348779596,1.1408959771502742,2.307688227735451,1
-0.6116051462045847,-1.3638679336293416,-0.7436999169051833,0
-1.8360052833568312,0.3997799176168511,-0.3181426326614269,0
-0.4411766907937603,-0.6807664465790269,-0.05169793937523165,0
-1.1363751667038573,-0.3688032651888687,-0.6873544343582936,0
0.2316480716109227,0.9459409606394378,1.0982358035234265,1
-0.6560347582406549,0.1980569258851502,-2.370885373306438,0
1.1116314741410516,-2.0343558678843627,-0.5310591703786757,0
1.6038660672678657,-0.9764255397315984,0.818313736319962,1
0.6793813730119062,0.9753357348887596,-0.29409430838863376,1
-1.55102618198332,0.4489427181929976,-0.8208389588502913,0
1.5051959988790395,1.7481355725242844,0.44075675443876416,1
1.575720450373765,1.6826475940132972,0.906343235397152,1
0.018790511307940762,-0.3422451301467918,0.2106354452150584,0
1.322926160335532,2.5032378050694883,-0.8012203598128833,1
-0.5516751380466781,0.02447966985191076,0.4562033191517433,0
-1.8662459348495894,-0.9626685344090254,-0.4020493002747899,0
-0.7602844386215937,-0.6336398659105773,0.7451868818938278,0
1.7293008660447564,-2.256725105289419,1.4832588848565909,0
-1.4910799236114736,1.607019008249281,-2.6055767556885328,0
-0.0004787180685054915,1.5947619890438636,0.11106747319563266,1
0.034143893340212214,-1.015507438813321,-1.7357339369476272,1
-0.5129742439678118,-0.22788428838190591,2.4417885853297707,0
-0.44352159983711503,0.0956075441125776,-0.46812453379619046,0
0.07224913423620272,-0.9603530521421138,0.7463732418253723,0
-0.5621623419347272,-1.7551020312711616,-0.035316859594895715,0
-1.422058497167931,-0.21035760377691182,-0.8030845807190595,0
0.215031942943456,-0.32107942945924683,-0.9220530471774268,0
1.0733665824449723,-0.38841124098877516,1.585679173100759,1
0.8695725186534211,0.22271606260096463,0.9559380601783107,1
-0.8097354673898115,1.4295196585259922,1.9435840873775632,0
-1.2512279153776757,-0.3030927196917261,0.05545333515769916,0
-0.2841878821547786,0.17044299872136284,0.2879196212460003,0
1.567791509795664,0.726870523744936,-0.2671915656552882,1
0.6455980789595456,0.5541429265127488,-0.2870822031150092,1
0.7039646767942336,-0.614423524447842,-1.0418869324773683,1
0.8898569517854946,0.09637712311403587,0.08401019092435126,0
0.42076656251858635,0.5475398201690533,-0.7892465948861971,1
0.12060854761357863,-1.1283513375107777,0.4419089221642027,0
0.6623068966479679,1.263539010796508,0.17001021898020968,1
-0.5461661042180197,1.431588905214111,0.2876820436757222,0
-1.4144630113663208,-0.7227802554444938,1.675129939690226,0
0.7229969346243232,0.1936700183481687,-0.037717949765591174,1
1.2377381057492252,0.6422782566710317,0.7567270028534282,1
-1.1182319393560314,-0.5456141563287527,2.0515094640855813,0
0.8219214824159002,0.48161384568809446,1.3066170692950476,1
1.68076571338819,0.16325562629216542,1.1531696984548447,1
-0.0022462017571209794,-1.4679181776388008,-0.3066882155205,1
-0.8180021847417462,0.4591613159785581,0.22964305556779677,1
0.12301867352675562,-1.1001424162710358,-1.3182762920299418,0
-0.5505339682007013,0.9392028516620472,0.49891440096441453,1
-0.6167301099564017,-0.6712110751338888,0.2744601776138416,0
0.4331840672715426,-0.16128543366114506,0.0233851251561811,1
-1.6037294750298954,1.372278913446575,1.02719478824286,0
-1.4439289224922272,0.4963816465288452,-1.2077748224243965,0
0.019290880373942807,-1.0794739195745453,1.6348628511603471,0
-0.02230853891243119,-1.0149165707990837,0.9017646879402839,0
0.34355457703993575,-0.5993027886237254,-0.07063397965197407,0
1.8752253884833885,0.39464408335666606,-0.1487295878173936,1
0.10451403607582113,0.35829981493276813,0.48061121524859435,1
0.5981721503347945,-0.8431023046628692,1.5208512320637795,0
-0.975532935614632,-1.167209485614359,0.10160771869001077,0
0.7679376635165371,0.28158340508583424,0.14403090197922622,1
-0.5263908651106778,-0.18186006579016192,0.018118477625871335,0
0.07142083258109318,2.1572158874477374,1.7820241127014727,1
-0.1088486250691617,0.03660365656307895,-0.36888310293702387,0
1.032974234914031,1.8142528277002747,-0.029507598619071266,1
-1.3099765543749995,-1.17038359810434,1.4634356542609945,0
-2.2832386346150395,-1.5732129395617072,0.14701083361286355,0
-0.2134326970879245,-1.1200851325255345,1.1370588600455223,0
0.4685312569051241,1.1891297814534663,-0.9112800569029585,0
0.15226937580750002,1.756101589693534,-0.2052925216285141,0
1.2322042374139113,-0.782179453952634,1.4844340384402286,1
0.43737267417966835,-0.46056602975955757,-0.6763397157635455,0
-0.5638483318598599,-1.1689809102124997,-0.1512990397697074,0
-2.3254201541396804,-1.8116398471183872,0.25668523089147866,0
-0.23731223419521827,0.7184116977766297,-0.9891545179929867,1
1.027959002257798,0.22302030296216313,-0.4138101186218971,1
-0.3920477826671146,0.010487982673875443,0.11263668182564038,0
0.028320263677764197,-1.40005653716338,0.04668173416196121,0
0.42136025430670854,1.6399566818286606,1.2803520208371357,1
-1.0152923742498159,-0.5033567380494731,1.5414571948322535,0
0.6232358966388174,0.5336264248164758,-0.8560848720009113,1
1.6371217900017057,-1.4545614052447244,0.11126851916748945,1
-0.17281335189340633,-0.19052518962003737,0.6742483084247656,1
-1.1290644218323018,0.2913744562385839,1.5163474657991973,0
-0.06660102702197371,0.3270752180533076,0.7184902973171294,1
-2.2243841086088687,0.15464854323662508,0.2909134015923317,0
0.336903263976616,0.4945224920487726,0.6665425319826307,1
0.4522743776485788,-1.1305204560329611,0.6737688343362598,1
1.6756362938455622,0.19737260543966004,-0.9277142922843684,1
-0.19399479256662508,0.11375768348027737,0.1927987925062688,1
0.40848533814647026,0.23167268419506085,1.4591609941886914,1
-0.8612881023859011,0.07234521731918178,-0.20735676869400466,1
-0.3564271205250787,-1.2732127739133976,0.12944664254744423,0
-1.525185436662198,-1.3177997521089737,-0.24251644952602194,0
-0.1947896212832356,-2.2142681858845514,-2.313859495606875,0
-0.30530915351856486,0.8175345098452976,0.020590177234679142,1
0.29919976608889587,0.8276575097351987,0.3017919306528727,1
-0.6235968803326393,0.8435502912221203,-0.512493390880902,0
0.0833453509750919,0.3067899624614518,-1.1546369488847281,1
-0.33338005560766565,-2.133119217718111,-0.8806064597816493,0
-0.33149938829951425,-1.026710491785266,0.7641876161355642,0
0.08036232596303014,0.17041541759311193,1.972524773046905,1
0.04052294231700992,0.13551800279179543,1.3824333409054328,1
0.7611740390516385,-0.2227482131520212,-1.3443460048305518,1
-0.12064303412983486,0.3689172029082467,0.8546273105507028,0
-0.3498853491230032,0.011651707685245566,-0.66316237580929,0
-0.18080744508722618,0.12077046555136169,-0.5822670625087771,1
-0.7146641168409925,-0.6390653328320162,-0.461975597971284,0
-0.35991109356667156,0.9820109861215902,0.7060669498554304,0
2.031158713073231,-0.43077160868038405,0.9592533764490382,0
-0.9126787606958671,-1.3306490830206263,-0.09803107127978798,0
-0.2786563338793094,-0.7709990128187286,-0.08107074100802476,0
-0.3874886632696904,-0.3484661913619803,0.46426374323579306,0
-0.24717161224439949,0.9940027883688467,0.5679945395242418,1
-0.33123930887839503,-0.042267998434793036,1.176225706758529,1
0.27924010122099974,-0.186148218965649,-1.2843719755091987,0
-1.7101751013917943,-1.2486634247626274,0.02002733980403,0
1.0371714725320045,0.7854825898295763,-1.0680243758911776,1
0.6325827996421973,-0.6519521540233857,-0.050942279063403054,0
-1.2428715860631347,-0.10002785894133592,-0.22617528768076092,0
-2.2690772729524014,1.4801830768818647,-0.04674945390270229,0
-0.9770721461414011,0.5087633310493045,-0.7997428881105317,0
-0.24266646142712253,-1.6282540477151743,-1.4872897932074287,0
2.580291898690775,-1.7695102363524722,-2.094437526714903,1
0.5432569649742733,-0.06431045011924605,-0.13118015426484045,1
-1.8075896491814576,-1.212740614874805,-0.4310011058329391,0
-0.689655504900944,0.6485467476329978,-0.6759376648038271,1
-0.05321243627298323,0.04226306496497919,1.3225484628316608,0
0.2536835542980969,0.16538476902386298,-0.8594381867953109,1
-1.314748860310423,-0.7067431816423531,1.4168340821388028,0
-0.1349902279770614,1.7413836552867057,1.623843744269257,1
-0.7176391376105407,2.8425937280104594,-1.950900466789381,1
-1.1037585626023165,-0.2785847237567147,0.09238145899896975,0
0.2595956466989539,0.35303924841500095,-0.3996964908359908,0
0.7738771734428223,0.09741734306431259,-2.9118039447172657,1
0.8410412769616195,-0.25968686344106867,-1.4446412530684143,1
0.574386351133876,-0.8320704677327967,0.7749361071084743,0
-0.49736953314026283,-1.0849679874804772,2.0191992527112643,0
0.7145497614635058,-1.1355972655255242,0.9026781426992484,0
0.3090544381042879,0.40524002554914546,0.3236324725129776,0
0.13394188295201317,-0.5196744782036353,-0.021332381631087506,0
-0.6116931217017983,-2.5782928501405302,1.6826629146481138,0
-0.49687612734152825,0.44485822059832236,2.1482392019576406,0
0.07388693612455402,-0.03826128246415587,-0.5868426795241861,0
2.4398744669855015,1.346673001401146,-1.999986560310291,1
0.30124248009139015,0.3731223970910093,-2.0981874632712016,1
-0.611188502250286,-1.4786735963102973,1.321880992159802,0
-0.8323894449694428,-2.229676640729981,-0.047058540774386516,0
-0.4917666126562028,-0.7194723843379374,0.18324191045871852,1
2.1772934475490655,-0.6251074206936527,-1.7906509929567132,1
-0.39925664594596205,0.9431592010001667,-0.7531889127884663,1
0.906870534610285,-0.008870932289573393,-0.2954808139007823,1
-0.3759282454713564,1.133688498098509,0.20783838336407062,1
0.26118454127962865,-1.3248330557026347,-0.398592038913759,0
0.7917452740087223,0.965264384380448,-1.0373261983013427,1
-0.571902849809924,0.7209891534309195,-0.7845669926025229,0
-0.6411116541527696,-2.0182341114311964,1.2083232859472328,0
1.6588696944553298,1.3226178412607723,0.24478461960349976,1
0.9845928948957969,0.09345849176635274,0.6121568069555516,1
0.7906723186907282,0.3920445038685057,-0.8988738108773296,1
0.787276293122914,-0.8648961124284227,-2.9538234854006244,0
0.4595754883110654,1.2752470129219724,-0.5231043068844964,1
2.017775813175065,-1.1858523292388699,-0.8665705544254966,1
0.043908301877156795,0.832092018373946,0.3490122686280793,1
0.5772623672009194,0.8206074759086712,3.285723713681842,1
-1.4509129285940126,-0.9741674281722221,0.6951660176182558,0
-0.8249606865912409,1.983373599422574,2.7359601593834886,1
-1.2008189998350405,0.2315284802175192,0.5687696953394487,0
1.2740635835161493,0.6538926102710242,-0.6298862375727151,1
-2.55254015202075,-1.5271207953357557,0.3479160781208834,0
-0.40231002275272265,2.117730003008565,1.780638599477708,1
-2.9937066026606227,-1.2245569402250898,1.8295625963212392,0
-0.8312878954818901,1.0248864327659304,-0.5753373680430791,1
-0.49094894973186637,-0.9947717179316954,0.25318369569929894,0
1.384871093794044,-0.6189888028476827,-1.4292668796711452,1
0.39662793922145717,0.7887540438854471,0.8246686246914298,1
-0.8331415233289663,1.0275527136751572,1.5533546990558944,0
1.065963719731826,-1.271284249114102,0.03979945411601616,1
0.01783225452975753,1.0904721690569938,-0.6673840543601282,1
0.03756685870725232,1.044980495133194,0.36013095127756267,1
-1.202671507771992,-0.9379534088448924,0.417459031363166,0
-0.9900137139031393,1.5986475935911102,0.0811438318496202,1
-0.8250972999455244,-1.456857628248038,0.17871512433595294,0
0.046461273154189575,-0.6247725827776154,-0.17381485046937092,0
0.0778857269806748,0.47900262409198874,0.995954928226406,1
1.544092663524045,-0.8535662847026064,0.736227445165127,1
0.38505516793783434,0.263819085679341,-0.9831031471441493,1
-2.707565693672108,0.24107607880329518,-1.0105906031585947,0
0.26264198787169046,-0.18707426992272058,-0.254374417026562,1
-1.4500163561675328,0.8324005385905596,0.7368371241051792,0
-0.9659709246115364,-0.22836079265763917,0.14805741389081464,1
-0.8121694717263299,0.23154106881380565,-0.6431504101226553,0
-0.6633383235123018,1.1464718774879026,0.26151859672583017,1
-1.375149392040303,0.7906862100258404,-0.330810519522272,0
0.20348200345228765,0.7860172908142086,0.8804864602241314,0
-1.4108022850909592,-1.1491796022167802,0.3330584350670474,0
0.3566676072498469,0.5247925755013217,-0.3152781874521438,0
2.2369710770616296,-0.8784987909695048,0.23151877204646154,1
-1.3293590589340638,-1.2814149797780263,1.3150480595242016,0
-0.28451030433922214,-0.07170634628496836,-0.5696300765463775,0
-2.52345736251247,-0.9042951866515898,0.40265698164716096,0
-0.30093529297013316,0.7906177188399772,-0.07046034046599581,1
0.6427171526314838,0.8145354596953241,0.42698368386209967,0
0.720639231357267,-1.902626236431442,-0.6545649415957304,0
0.0773637302840967,-0.82830253957689,0.11033543315937581,1
0.8892634247589758,-1.4597866719179988,1.1078232824168008,1
2.5460545359427917,-0.46262927659289066,-0.9370069812461074,1
1.7123046874375993,0.45517566986882435,-1.3294051033250818,1
-0.5225209294096369,-0.2422880981783883,-1.2914555644869643,1
-1.4511039864667385,-0.5897592406671354,-1.170662530200189,0
-0.40615141657380355,1.3001765268131393,0.5953232878926642,1
-0.9469827656173482,-2.3048571725962885,-1.4058596858654655,0
0.45134754786463266,1.2368718935182248,-0.29789534474353074,1
-1.1811935394294981,-0.5442882931554857,0.618289303310708,0
-0.07282243259034207,-0.07810901011278953,0.41665906054859364,1
0.8380140545363104,-0.5273633377201086,-0.3855589799624851,1
-0.10069587281717701,1.5428881055391184,0.19092373175510596,1
-0.9463138227477964,-1.2309784968052595,0.10714532973756831,0
1.1748140575856918,0.011736369721935848,-0.2242409555481863,1
-1.8789809447538273,0.5274386518599967,-0.21083471865458023,0
-0.3277950558774631,-1.6110027678851675,2.2354274347569607,0
-0.04166002338133474,-0.9198981704461536,0.8093109039313008,1
0.01590865839963108,-0.14817853349822913,2.480650917512143,0
0.1804960560780812,-0.8866650346843747,-0.4969631329205013,0
0.6104398198094931,-0.8155917712191499,-0.08496659688814741,1
-0.03540743904535086,-0.34986266307643743,-1.3321257652766474,0
-0.3680582821436807,0.6495813316461732,-0.8095668020895723,0
-0.4075893446596956,-0.3427177768781444,1.901913148662501,0
-0.6115158020383546,1.0784261944729465,-0.5220342898417564,0
0.7875433243268652,-0.9977577826593548,1.9192813001444593,1
-0.6465284794765146,-1.2519222604734526,-1.2433622606798904,0
0.8467711090082444,1.926345405721134,-1.0534690340732769,1
0.018999082259871004,-0.6579581276655113,-0.3412312210234211,1
-0.5212548068561296,-1.3109120070721598,-0.06374992167917787,0
0.6184072157441348,-1.7420539417718304,0.9230872924501295,0
-0.7274539247231182,1.075103453808939,0.4507704171862659,0
0.6381840407282129,-0.34130451466005923,-0.41631525734402774,0
0.21272612119178486,-0.2537097350663985,-0.13331580651810626,0
-0.5963246890919207,-0.1592017115866396,-0.3190629197847001,0
0.5286348153345591,1.0129428846697812,-0.9146537353257298,1
0.5465897256886387,-0.1795298339759204,-0.8879629366016216,1
1.1575196058099577,2.344053778832626,1.0278838914334096,1
0.9661470124092959,0.13376057405422923,-1.82816492792714,1
0.49127402072628285,1.0617847669583211,1.6173586974450547,0
-1.1275909512087632,0.8052398579044068,-0.342994225602232,0
2.448586988174057,-0.03644732025803771,-0.7725086063921601,1
-1.4036162110718102,-0.5869709860204633,0.7397592906972692,0
0.949263174282309,0.33196392856655366,1.4852165841471172,1
0.43128381688629847,0.510098731207273,1.1176324416039574,0
-1.1741423724811146,-0.5725860481265272,0.5018520493598908,0
-0.12430093887849918,0.16633886595065583,1.0868634897218359,1
-0.07875288624464047,1.236204978259596,-1.716497577143866,1
1.3055827158105235,2.0699477390696788,-0.5218305414881482,1
-0.7133109002802115,0.8543693203494214,-0.9111700600248446,1
-0.2619450064243539,1.8627596863802822,1.2246387312151752,1
-2.336069605021263,-0.6293742112064558,-0.3834780189238867,0
1.7347627931235772,0.7018822520592939,0.8454065567820555,1
-1.0704682430200712,1.3385195085812722,0.5358569424886379,0
0.3269108642391749,-0.8963333329719959,-0.862306936163681,0
-0.10140782972186395,-0.48559011204500924,-0.5869582099762845,0
-0.09800096678333993,1.7379047618352501,1.2938176908147259,0
0.809861984870875,-0.9750988557869399,-0.7754826486844134,0
1.6712624603036346,-1.3411300326557107,0.12486761019547897,1
0.25149366994199174,1.5279815736395113,-0.782541286326445,1
0.6550780176305259,1.1967632249804385,-0.3139521869158607,1
0.32889153672704086,0.4321202439837694,-0.0461619439699719,1
1.0175314239306263,-0.045710754645827495,-0.7828665102974913,1
-0.46291637948632713,-0.43852450560498196,-0.9604469539838816,0
1.075390554416414,0.28194887380905115,0.2862733367774424,1
1.110499865647384,1.5798069574015499,-0.8447374087911762,1
1.0825370086829098,0.238566126142076,-0.8106575556986726,1
-0.660147867336476,2.1669592672469657,-0.9390531437019707,1
-0.16833763423719086,-0.8979419856402304,-0.07790804633131841,0
0.23946698878043493,-0.01968075432826937,0.9437016343998412,0
-1.3708420448290057,-0.37305866766391554,1.5065286363122667,0
1.5949202080860148,-1.0851415431623328,-0.7259180859937786,0
-0.012276533502175885,-0.15308373300965544,2.150310793331211,1
0.2839278876047216,0.41732930166043963,-1.0047048607067959,0
-0.577004439727203,0.52423017995203,1.0835485233278697,1
-1.3268775593670228,2.170452178944556,-0.7216964540154426,1
-0.604029885474771,0.46446746972355973,-0.8709232698700103,1
0.21920418763358843,1.150136803679616,-0.7447561567843887,1
0.6734288127536935,0.06609424629897591,-0.052447699649119134,1
0.16179154060272016,1.6780556004525953,0.5799721710336103,1
0.3467240162419504,2.3984492855880695,0.669868037904822,1
-0.33702637468137664,0.5310851309759498,-0.9439850153478883,1
0.4962485662454281,-0.9926590154515813,-0.9896592875112686,0
1.482832866385907,-0.5488050227771684,-0.9166386933635471,1
0.7047894424389869,0.2819343032051621,-0.11135440238551125,0
0.8095418882529403,0.45649803525064586,-0.21015560419087462,1
0.29401639930663104,0.6984251343843719,-0.950175462069795,1
-1.5031550695996019,0.460197681230041,0.26960369406324414,1
-1.0446665306312433,0.006984916255938689,2.262568808335318,0
0.4548758006638433,-0.6361984412021287,-0.5047154618351514,0
-0.010939051960085844,0.40113826126422947,-0.43351182120353343,0
0.439842886472828,1.8549873574806566,0.5596615703243687,1
1.6764234178440736,1.0199286054277548,-0.5588162917367949,1
0.7260359992293337,0.534703949636198,0.6689644817181823,1
1.2588862057428216,1.0295669238227512,-0.7185427067790403,1
0.09468138947073004,-0.3710640289008525,1.8321196075773012,0
-0.8072156774844398,-0.5082651460833204,0.3447749725922945,0
-0.05786615921434102,-0.7477851043659819,-0.6200229490767115,0
-0.8047518137191378,-0.12528662276943792,-0.588691699469274,0
1.558294956772448,-0.4220058967090802,-0.5137997527080349,1
0.7903910765354696,1.2082747406521392,1.3727496662488734,0
0.5205124966282796,-0.4753234176821889,-1.2687510076012833,1
1.2359432022281034,-0.8027217162249164,-0.6679416704595047,1
-2.0200564145232254,1.9425771788306316,-0.561660556925426,0
0.5881379513426596,-0.4513752310813436,-0.01568796675693795,0
-1.3106457843043726,0.15352845725035097,-0.27110969264679446,0
-0.0072556984656611655,0.4513228247434116,-1.4912278313904628,1
-0.31170759246721447,-1.1366931189208151,-0.3998226835954676,0
0.6617366120969479,1.2354837695030692,-0.09955068318496844,1
0.22818728896095541,0.6371190404112276,-0.6280978350797833,1
1.3451171736117884,1.5583840118807817,0.6867754890476648,1
-0.6018971609326136,-0.6792219372181003,0.9194084287536471,0
0.7091143896332839,0.09912579247616002,-0.0783866997293929,1
0.16222321689883193,0.03935575499419535,0.2305415868507293,0
-1.6352902700715526,0.2638884943500218,-2.161055997349271,1
-0.9186164585230326,-1.454614748577161,-0.4211027721618318,0
-0.1498780335221683,0.11083637869222239,1.0048216917579127,1
1.1122924498917277,-1.4264639114237452,-0.42343658317927757,0
0.4637230575571145,0.3583340711969214,-0.7372616763919609,1
-1.1675008238807143,-2.1286491245185197,2.277688926030931,0
-0.14031622804715976,-1.8515868342905866,1.8190771901958052,0
2.01780644879303,0.8185487164399984,0.4675749124821571,1
0.11122333484085803,-0.5468384551947827,1.1389106114800476,1
-0.32732557507239574,-0.9878580736322409,-2.2259354179580777,0
0.4917396407562205,1.270845621075548,-0.7875514406287065,1
0.76339307958197,0.32762621732841496,-0.46995787317315146,1
-0.4561683474800591,0.8720901955337838,-0.2359800988669462,0
0.502574774371437,-0.16624207232083046,-0.4899440209739625,0
-0.32888949667080924,2.679628693900003,-2.5500262915163465,1
0.7193276018294383,-0.6045138605597951,0.3860246187085598,0
0.16969315797128373,1.7444955493598882,0.5436541282806068,1
0.4819678270528922,-0.061366040099912866,1.6018987915899814,0
-0.7591835461675044,-1.654510394912746,-0.7883092647749634,0
-0.8212863840728593,0.4828487457481086,-0.8701631577799022,1
0.9454973046593947,0.3147625614551637,-2.679984485964469,1
-0.07939638138549375,-1.0513218142392298,-0.29356683659088617,0
0.2850347420993615,-0.9222192771347147,0.9011117810621716,1
-0.30639542708651957,-0.02469764308499223,-0.6117678621927194,1
0.898726774013644,0.34974781524798154,2.143444818543648,1
-0.6078099800296577,-2.470663282879401,-0.2565948357895235,0
-0.13560123990088283,1.0531214525238028,0.1469922842885556,1
0.7859928127031317,-0.4944979738149775,-1.3631030805815938,1
1.172967699164266,-1.3317474843981763,0.28722034517527945,0
-0.5237592910266834,0.9410665514519307,-1.9793197948526953,0
1.959683981955883,-0.023617979418456322,0.6936979550131449,1
0.3132416936936163,1.2161657767822542,0.7244281762354122,1
-1.0429282618087377,0.4379522629797555,1.3592914243365102,0
0.36905204858996804,-0.0015145029480460542,-1.0199687187676887,1
-0.3829992144834577,-0.15272994498015613,0.16056211829741926,0
0.4340684871831768,0.4827127605561378,0.5638165593865041,1
-0.04285624766033802,-0.4135312588093302,0.44228163833030987,0
0.07427369019014479,-0.8525725887464994,-0.8652992751348513,1
-0.9115933765861459,0.6099091226546439,-2.39198188955614,0
0.99006123071636,-0.14448784144442942,0.34696029688448116,1
-1.1561273671510321,0.033567648069006084,-0.15249967830991942,0
-1.1087648954049951,1.0893798361546077,-0.5666705929614403,0
0.36736034914748666,-0.11387660773574096,0.7639453637154662,0
1.6028442471779696,0.015033925541790552,-0.044919538154433135,1
-0.3525930970644072,-0.5996495114509319,-1.3191950527677994,0
0.7009723227039657,0.4307399339818508,-1.9314522890962216,1
1.0733401768635453,0.349827912680088,-1.1289632651331654,1
0.8146844372940691,0.9007751317905579,2.3930122947667867,1
-0.31120828917368143,-0.5791288370068761,0.722776773932773,1
-1.0910467171940745,-0.4578169695901857,0.18861234197501178,0
-2.207547565671355,0.7921373991454693,-0.18166092718580473,0
-0.26284049946239324,0.2522130033628634,-0.24739293994743575,0
1.1780873685621747,-0.9062181261926946,1.1671959833590948,0
-1.124165984761934,1.3065540677345007,-0.4905957419034316,1
0.7002098475187654,-1.6984505684002509,0.5769204106842927,0
-0.9501525300518722,0.7842847532637518,-0.34842795029159407,0
0.10607257638683824,-1.2652120359981966,1.9401566318350625,0
0.7077916141550177,1.885788516485527,0.7422885075783037,1
-0.6594954368384278,-1.5445997269056233,1.2455568146836256,0
0.17048468069691408,1.1522506518727484,-0.5844097746882387,1
-0.4150913367253287,-0.08163436001124397,1.0581361125674218,0
0.7051486589381767,-0.366602569838744,-0.31257742539469074,0
0.2353171684846372,0.1853966564677613,0.11003482393284925,0
0.05650767442926739,0.631900339157813,1.6350476706194583,1
1.5583499601419777,-0.9044005023308695,-1.0427750567564191,1
0.6623061423683021,-0.8157877251685722,0.20324773130540036,0
-0.6903518661262891,0.6496048651128858,0.43800525851872685,0
-0.08586390079776185,-1.7073429536495999,0.5200043808008099,0
-0.07589878507966075,-0.5842290931920854,-0.4507844930934654,1
0.0803195726252119,3.040686954159441,2.0862641008080813,1
2.524509276607495,-0.9680129645892809,-1.2949318853402603,1
0.37085189271099683,1.1478027917597526,1.4588853886324693,1
-2.035902570104776,-0.5859507687138121,1.2150656055916387,0
-0.5427989717169651,0.5090451447971439,1.9008887896036848,0
-1.9323720874958086,0.6543556905962175,-1.5882270987078202,1
-0.3297982570458398,1.1289567351829475,-0.8688314878897103,1
-1.9873102297264285,-0.20025382681277568,1.4919430591616407,0
-0.871590471068428,1.988884638754853,-1.877039154630309,1
-1.5207215296341199,-0.5893365645851804,-1.6064589010404138,0
0.38416017796747753,0.23422041359956,-0.4883077867114918,1
0.0005393626288786419,0.24527693221760752,0.19199378862226754,0
0.3029623074987311,-1.1219681199494154,1.5922250736487749,0
-0.1045513885685264,-0.2858722549791206,-0.18526591493035816,0
-1.3942977502044178,0.16151349923840733,-0.6082391480645393,0
0.5135213692547353,-0.43212104312941974,0.31138993769642714,0
1.9222245602694528,2.440923965456535,0.46959648329440085,1
0.40921257860654675,-0.8386236735995307,0.4412398221702712,1
-0.425924599317566,1.1794244681404278,-0.17798620795134507,1
-1.428067176105445,0.8564598131487865,-1.9550861139181497,0
-0.9080669707599653,-0.013862134504271355,-0.9176159891063321,0
0.45303965657205897,-0.8652090538522469,1.4202710852674623,0
1.073118026799375,-0.76825532039177,0.18706893797659985,0
0.26086617472197593,-0.5179672992165097,-0.32252211910705675,1
0.7998872897059834,-1.785741281946263,1.1181685483739747,1
0.7076782440272429,-1.0034654257992905,-1.1301166323689484,0
0.5065343913859176,-1.4824765153636426,-0.2253481337130077,0
-0.6584735952612559,1.3458750031777167,0.13775840517403723,1
0.17392351197515246,0.6184623923882185,-0.44137750329462916,1
-0.8483778038821382,0.7859740988654604,0.10076282290159877,1
0.01742895295810179,0.5888319515419477,-0.18769393142176521,1
0.3308635310669119,0.16696762333416318,-1.399343047785875,1
1.6787838073868548,1.460680332129137,0.18147788187905595,1
-1.3097319743676321,-0.6107626557317373,-1.3283517915128675,0
0.4815076309913054,0.10666965536704488,0.16561512509672222,1
1.4812365916235948,0.7470588278241231,1.3741358241501094,1
0.7588477658387964,-1.321209231856129,-0.2810231972760544,1
0.8329454428250415,3.096588896142549,-1.1714831299709862,1
0.5876949018678121,0.028565762777586125,-0.12698781320498045,1
1.2983344897754168,0.14198945057559273,-0.8319711080785314,1
-1.087478168112368,1.2568780316749217,0.5945090026314696,0
-1.3859266659702465,0.9149553330102238,-0.14798874752285357,1
-0.006334140465255962,0.03807801939645913,1.7097632516645733,0
-2.16116210357171,0.130129438098042,1.1629895956773382,0
1.2306458041780113,-1.504148530947979,-0.15308050448140273,1
1.2207151954954414,-0.5564657778499762,0.7156090679730908,1
-0.4333505550845262,0.5172102161589602,-0.3932364091628454,1
-0.37077059666050965,0.4438928390428866,0.03395688516516826,0
-0.07234747515067134,1.221165750004087,-0.36143419635031226,1
0.05202065043961975,-0.12050105822332462,0.7664559598497087,1
0.1271739191942854,-1.3872865134308663,1.432988276709578,1
0.5582321068783032,1.056730430775678,0.7986482071911434,1
-0.17262635300847812,1.436089346182016,0.9219366012853558,1
0.943193303477794,0.8982445728562294,0.9230334372357293,1
0.4459477771253033,-0.1636336708574914,0.5512559223347099,0
-0.6069634458726355,1.044386051876579,-1.1392861592102679,1
1.3351126678040974,3.4289104780082136,1.7009715194164998,1
-1.358256986122487,0.11515231444047566,1.804410826698425,0
-0.09216581082147648,-1.3117366922451246,-0.2338796033133684,0
0.9669174010754679,-0.586285049552152,-0.3706979152161819,1
-0.7230731049121446,0.6254760003040509,0.612411652915375,0
0.30955564676715147,-1.6048043108980627,0.5508128351835049,0
0.543339596999048,0.16940307491206952,-0.2019460687530188,1
-0.860523867981239,0.3803366503158828,-1.2500256555876041,0
-0.07247771959403507,1.535121739812652,0.3057011907497771,1
-0.15650383020921016,1.3101948560543004,0.5514365381755453,1
-0.5517378518322928,0.864584791751771,0.7258211480387973,1
2.3016748520507746,-2.1626790105145295,0.3492927723542075,1
-0.7631063534454757,0.9210531280479252,-0.27111514836190936,1
1.0049302940678833,0.7055133860602464,0.9940020395062782,1
-0.39280101688114194,0.2559443770783465,0.06584849756591833,1
-1.0866361888852818,-1.7302221261454855,-0.4649230143647206,0
0.1028142431550689,-0.7767739091870604,-0.180653382045721,1
0.6490933843875007,-1.1668227695340663,-1.745969032474982,1
0.9205095750656788,-2.0150084395070906,-0.18224182417853885,1
1.5622651106550693,-0.002915151414794514,0.6884365198746686,1
2.9452462899351,-0.7978221214427796,0.3397830221392301,1
0.25051420375559713,2.6253055802689116,1.520664172981186,1
-0.6630921738253879,-0.16877193943790955,-0.2629749140157042,0
0.4528743267948912,1.2937531558659603,0.48731316305331607,1
-0.2662129504064916,-1.5690990246932246,0.792740176305772,0
0.9259661298522298,-0.5300895860048698,2.342857008287408,1
-1.2971642963657217,0.09689787603431459,0.1447654911176404,0
2.3683345424004374,-0.9081539486076704,-1.0441871788640233,1
0.8560480947755128,-0.4222006848047443,0.8479287533552818,1
